{
  "accuracy": 0.5262399911880493,
  "loss": 1.3202935457229614,
  "val_accuracy": 0.5282999873161316,
  "val_loss": 1.3142733573913574,
  "epoch": 4,
  "global_step": 7815
}