{
  "accuracy": 0.7066799998283386,
  "loss": 0.8481727838516235,
  "val_accuracy": 0.6747000217437744,
  "val_loss": 0.9348952174186707,
  "epoch": 4,
  "global_step": 7815
}