{
  "accuracy": 0.7623800039291382,
  "loss": 0.6804191470146179,
  "val_accuracy": 0.717199981212616,
  "val_loss": 0.8372452259063721,
  "epoch": 4,
  "global_step": 7815
}